Timestamp,User Count,Type,Name,Requests/s,Failures/s,50%,66%,75%,80%,90%,95%,98%,99%,99.9%,99.99%,100%,Total Request Count,Total Failure Count,Total Median Response Time,Total Average Response Time,Total Min Response Time,Total Max Response Time,Total Average Content Size
1760856466,0,,Aggregated,0.000000,0.000000,N/A,N/A,N/A,N/A,N/A,N/A,N/A,N/A,N/A,N/A,N/A,0,0,0,0.0,0,0,0
1760856467,5,,Aggregated,0.000000,0.000000,330,340,340,340,350,390,390,390,390,390,390,14,0,310.0,276.92155372018794,120.88853603927419,388.25628301128745,3360090.0714285714
1760856468,10,,Aggregated,0.000000,0.000000,340,380,390,400,420,430,450,450,450,450,450,41,0,340.0,314.30866058756845,120.88853603927419,448.4351919963956,3335096.7560975607
1760856469,15,,Aggregated,5.000000,0.000000,370,410,440,450,600,660,740,760,760,760,760,72,0,360.0,366.9170018765726,120.88853603927419,756.8242580164224,3353412.402777778
1760856470,20,,Aggregated,13.500000,0.000000,390,440,540,580,740,820,960,990,990,990,990,88,0,380.0,419.30514056994895,120.88853603927419,991.5675360243767,3322687.397727273
1760856471,25,,Aggregated,16.000000,0.000000,420,560,660,740,900,1000,1100,1100,1300,1300,1300,119,0,420.0,498.60830114422635,120.88853603927419,1256.136026000604,3384117.907563025
1760856472,30,,Aggregated,19.000000,0.000000,450,660,820,900,1100,1300,1300,1400,1400,1400,1400,138,0,450.0,589.1222598915244,120.88853603927419,1399.1602239548229,3473083.072463768
1760856473,35,,Aggregated,21.600000,0.000000,600,840,1100,1200,1400,1500,1700,1700,1800,1800,1800,171,0,600.0,717.3861984149227,120.88853603927419,1750.5650949897245,3428240.8596491227
1760856474,40,,Aggregated,21.000000,0.000000,630,940,1100,1200,1400,1500,1700,1700,1800,1800,1800,187,0,630.0,739.3406003195031,120.88853603927419,1750.5650949897245,3422696.251336898
1760856475,45,,Aggregated,20.428571,0.000000,770,1100,1300,1400,1600,1800,2000,2000,2300,2300,2300,219,0,770.0,864.2441375055096,120.88853603927419,2290.464648976922,3442457.484018265
1760856476,50,,Aggregated,22.625000,0.000000,810,1200,1300,1400,1700,1800,2000,2200,2500,2500,2500,238,0,800.0,904.6942352678259,120.88853603927419,2499.633895989973,3457868.2352941176
1760856477,55,,Aggregated,21.888889,0.000000,990,1300,1400,1600,1900,2100,2500,2900,2900,2900,2900,270,0,960.0,1027.4380294688012,120.88853603927419,2912.4384809983894,3410514.6666666665
1760856478,60,,Aggregated,22.700000,0.000000,1100,1400,1600,1700,2000,2400,2900,3100,3300,3300,3300,293,0,1100.0,1106.3400028963215,120.88853603927419,3264.3301399657503,3423946.252559727
1760856479,65,,Aggregated,23.800000,0.000000,1100,1400,1700,1800,2100,2400,2900,3100,3300,3300,3300,310,0,1100.0,1152.4356752635927,120.88853603927419,3264.3301399657503,3426460.935483871
1760856480,70,,Aggregated,25.100000,0.000000,1200,1600,1900,2000,2400,2900,3100,3200,3500,3500,3500,348,0,1200.0,1286.6971239099016,120.88853603927419,3481.0493889963254,3423333.502873563
1760856481,75,,Aggregated,24.800000,0.000000,1200,1600,1900,2100,2500,2900,3100,3300,3500,3500,3500,362,0,1200.0,1323.855715976817,120.88853603927419,3481.0493889963254,3419339.052486188
1760856482,80,,Aggregated,24.900000,0.000000,1300,1800,2000,2200,2700,3000,3300,3400,3800,3800,3800,389,0,1300.0,1414.262116206738,120.88853603927419,3824.7780320234597,3403371.2236503856
1760856483,85,,Aggregated,25.000000,0.000000,1400,1900,2200,2400,2900,3200,3400,3600,4200,4200,4200,423,0,1400.0,1519.6665985517734,120.88853603927419,4193.046490952838,3408543.536643026
1760856484,90,,Aggregated,24.000000,0.000000,1400,1900,2200,2500,3000,3300,3500,3700,4200,4200,4200,436,0,1400.0,1552.7630791912088,120.88853603927419,4193.046490952838,3405583.873853211
1760856485,95,,Aggregated,26.100000,0.000000,1500,2000,2400,2700,3100,3400,4000,4700,5100,5100,5100,465,0,1500.0,1654.512917603271,120.88853603927419,5054.042737989221,3380166.35483871
1760856486,100,,Aggregated,25.000000,0.000000,1600,2100,2500,2800,3300,3500,4500,4800,5300,5300,5300,489,0,1600.0,1733.7154686819488,120.88853603927419,5340.890104009304,3367827.6053169733
1760856487,100,,Aggregated,24.000000,0.000000,1600,2200,2700,2900,3300,3800,4600,4900,5300,5300,5300,508,0,1600.0,1788.1671135303725,120.88853603927419,5340.890104009304,3355336.822834646
1760856488,100,,Aggregated,25.200000,0.000000,1800,2400,2800,2900,3300,4100,4900,5300,6500,6500,6500,551,0,1800.0,1896.1545475777627,120.88853603927419,6502.44312803261,3369924.33938294
1760856489,100,,Aggregated,25.200000,0.000000,1800,2500,2900,3000,3500,4500,5200,6100,7600,7600,7600,573,0,1800.0,1978.4950296200298,120.88853603927419,7572.20914302161,3360680.7137870854
1760856490,100,,Aggregated,24.100000,0.000000,1900,2600,2900,3100,3800,4900,6100,6800,8100,8100,8100,606,0,1900.0,2104.776246505563,120.88853603927419,8090.017064008862,3367013.9801980196
1760856491,100,,Aggregated,26.100000,0.000000,2000,2700,3000,3200,3900,4900,6200,6800,8100,8100,8100,636,0,2000.0,2152.01337823969,120.88853603927419,8090.017064008862,3365882.8443396227
1760856492,100,,Aggregated,25.600000,0.000000,2000,2700,3000,3200,3900,4800,6200,6800,8100,8100,8100,646,0,2000.0,2160.3549853659806,120.88853603927419,8090.017064008862,3357410.6625387
1760856493,100,,Aggregated,26.000000,0.000000,2100,2800,3100,3300,4200,5000,6300,6800,8100,8100,8100,694,0,2100.0,2268.4337232976995,120.88853603927419,8090.017064008862,3360444.3832853027
1760856494,100,,Aggregated,27.300000,0.000000,2100,2800,3100,3400,4300,5100,6300,6800,8100,8100,8100,709,0,2100.0,2300.3721521884577,120.88853603927419,8090.017064008862,3371395.1480959095
1760856495,100,,Aggregated,24.700000,0.000000,2100,2900,3200,3400,4400,5100,6300,6800,8100,8100,8100,737,0,2100.0,2336.6580184920613,120.88853603927419,8090.017064008862,3366938.8100407054
1760856496,100,,Aggregated,26.600000,0.000000,2200,2900,3300,3500,4500,5300,6500,7200,8100,8100,8100,770,0,2200.0,2416.7953487487916,120.88853603927419,8090.017064008862,3391425.1012987015
1760856497,100,,Aggregated,27.700000,0.000000,2300,3000,3300,3700,4600,5700,6700,7300,8700,8700,8700,798,0,2300.0,2483.39817144438,120.88853603927419,8680.561561021022,3388838.1666666665
1760856498,100,,Aggregated,26.100000,0.000000,2300,3000,3400,3700,4600,5600,6600,7200,8700,8700,8700,828,0,2300.0,2504.4801028581464,120.88853603927419,8680.561561021022,3383058.365942029
1760856499,100,,Aggregated,27.600000,0.000000,2400,3100,3400,3700,4600,5600,6600,7200,8700,8700,8700,845,0,2400.0,2529.139325199387,120.88853603927419,8680.561561021022,3383194.84852071
1760856500,100,,Aggregated,28.300000,0.000000,2400,3100,3400,3800,4600,5600,6600,7200,8700,8700,8700,861,0,2400.0,2550.6769518914734,120.88853603927419,8680.561561021022,3375018.4274099884
1760856502,100,,Aggregated,26.400000,0.000000,2500,3200,3500,3900,4700,5700,6600,7200,8700,8700,8700,910,0,2500.0,2630.0326670161166,120.88853603927419,8680.561561021022,3409148.975824176
1760856503,100,,Aggregated,24.500000,0.000000,2500,3200,3600,3900,4700,5700,6600,7200,8700,8700,8700,922,0,2500.0,2640.2033208846037,120.88853603927419,8680.561561021022,3406333.2494577006
1760856504,100,,Aggregated,27.000000,0.000000,2600,3300,3700,3900,4900,5800,6700,7300,8700,8700,8700,983,0,2600.0,2699.900433672026,120.88853603927419,8680.561561021022,3424066.93896236
1760856505,100,,Aggregated,26.900000,0.000000,2600,3300,3700,3900,4900,5800,6700,7300,8700,8700,8700,994,0,2600.0,2701.678589261273,120.88853603927419,8680.561561021022,3421575.5623742454
1760856506,100,,Aggregated,27.300000,0.000000,2600,3300,3700,3900,4900,5800,6700,7300,8100,8700,8700,1033,0,2600.0,2725.908444863318,120.88853603927419,8680.561561021022,3422913.5024201353
1760856507,100,,Aggregated,27.700000,0.000000,2600,3300,3700,3900,4900,5800,6700,7300,8100,8700,8700,1054,0,2600.0,2731.025172016991,120.88853603927419,8680.561561021022,3422783.017077799
1760856508,100,,Aggregated,28.000000,0.000000,2600,3300,3700,3900,4800,5800,6700,7300,8100,8700,8700,1073,0,2600.0,2733.970335645767,120.88853603927419,8680.561561021022,3413232.014911463
1760856509,100,,Aggregated,28.000000,0.000000,2700,3300,3700,4100,4900,5700,6700,7300,8100,8700,8700,1115,0,2700.0,2778.902037527189,120.88853603927419,8680.561561021022,3410368.399103139
1760856510,100,,Aggregated,26.000000,0.000000,2700,3300,3800,4100,4900,5700,6700,7300,8100,8700,8700,1121,0,2700.0,2789.9777374405207,120.88853603927419,8680.561561021022,3407469.398751115
1760856511,100,,Aggregated,27.400000,0.000000,2700,3400,3800,4200,5000,5800,6700,7300,8100,8700,8700,1156,0,2700.0,2824.324914238488,120.88853603927419,8680.561561021022,3396749.3538062284
1760856512,100,,Aggregated,27.500000,0.000000,2800,3400,3800,4200,5000,5800,6800,7300,8100,8700,8700,1186,0,2800.0,2851.373573037612,120.88853603927419,8680.561561021022,3416826.2883642497
1760856513,100,,Aggregated,27.900000,0.000000,2800,3400,3800,4200,5000,5800,6800,7300,8100,8700,8700,1196,0,2800.0,2858.9908733875777,120.88853603927419,8680.561561021022,3418436.2984949835
1760856514,100,,Aggregated,27.600000,0.000000,2800,3400,3800,4200,5100,5900,6800,7300,8300,8700,8700,1239,0,2800.0,2888.531435287052,120.88853603927419,8680.561561021022,3408660.434221146
1760856515,100,,Aggregated,27.200000,0.000000,2900,3400,3900,4200,5100,5900,6800,7300,8300,8700,8700,1270,0,2800.0,2908.456948384694,120.88853603927419,8680.561561021022,3416412.574015748
1760856516,100,,Aggregated,24.800000,0.000000,2900,3400,3900,4200,5100,5900,6800,7400,8300,8700,8700,1295,0,2900.0,2912.963577284627,120.88853603927419,8680.561561021022,3411044.3057915056
1760856517,100,,Aggregated,27.400000,0.000000,2900,3400,3900,4200,5100,5900,7000,7600,8500,8700,8700,1323,0,2900.0,2931.4689436815333,120.88853603927419,8680.561561021022,3410055.9561602417
1760856518,100,,Aggregated,26.600000,0.000000,2900,3400,3900,4200,5100,5900,7000,7600,8500,8700,8700,1333,0,2900.0,2936.41060888507,120.88853603927419,8680.561561021022,3415680.6661665416
1760856519,100,,Aggregated,26.900000,0.000000,2900,3400,3900,4300,5100,6000,7100,7600,8500,8700,8700,1382,0,2900.0,2965.9303080498366,120.88853603927419,8680.561561021022,3416125.0311143273
1760856520,100,,Aggregated,26.400000,0.000000,2900,3500,3900,4300,5100,6000,7100,7600,8500,8700,8700,1407,0,2900.0,2979.5820973808154,120.88853603927419,8680.561561021022,3420355.485429993
1760856521,100,,Aggregated,25.600000,0.000000,2900,3500,4000,4300,5100,6000,7100,7600,8500,8700,8700,1443,0,2900.0,2995.313306048209,120.88853603927419,8680.561561021022,3416121.0284130285
1760856522,100,,Aggregated,28.400000,0.000000,2900,3500,3900,4300,5100,6000,7000,7600,8500,8700,8700,1463,0,2900.0,2996.7956939012815,120.88853603927419,8680.561561021022,3424265.115516063
1760856523,100,,Aggregated,27.100000,0.000000,2900,3500,4000,4300,5200,6000,7000,7600,8500,8700,8700,1482,0,2900.0,3009.9451650611118,120.88853603927419,8680.561561021022,3420487.9385964912
1760856524,100,,Aggregated,27.400000,0.000000,2900,3600,4000,4300,5100,6000,7000,7500,8500,8700,8700,1528,0,2900.0,3028.2432371673895,120.88853603927419,8680.561561021022,3426147.9037958113
1760856525,100,,Aggregated,27.100000,0.000000,2900,3600,4000,4300,5200,6000,7000,7500,8500,8700,8700,1537,0,2900.0,3033.4473853044183,120.88853603927419,8680.561561021022,3426186.530904359
1760856526,100,,Aggregated,28.400000,0.000000,2900,3600,4000,4300,5100,6000,7000,7500,8500,8700,8700,1565,0,2900.0,3036.2521132439006,120.88853603927419,8680.561561021022,3421616.096485623
1760856527,100,,Aggregated,26.400000,0.000000,3000,3600,4000,4300,5200,6000,6900,7400,8500,8700,8700,1604,0,3000.0,3052.8063886606424,120.88853603927419,8680.561561021022,3439048.72755611
1760856528,100,,Aggregated,25.700000,0.000000,3000,3600,4000,4300,5200,6000,7000,7400,8500,8700,8700,1619,0,3000.0,3061.292645598399,120.88853603927419,8680.561561021022,3434804.296479308
1760856529,100,,Aggregated,26.300000,0.000000,3000,3600,4100,4400,5300,6000,7100,7500,8500,8700,8700,1658,0,3000.0,3078.0314491610307,120.88853603927419,8680.561561021022,3434182.571773221
1760856530,100,,Aggregated,28.000000,0.000000,3000,3600,4100,4400,5300,6000,7100,7500,8500,8700,8700,1677,0,3000.0,3085.560456629054,120.88853603927419,8680.561561021022,3432991.85509839
1760856531,100,,Aggregated,27.300000,0.000000,3000,3600,4100,4400,5300,6000,7100,7600,8700,9200,9200,1700,0,3000.0,3093.616019072838,120.88853603927419,9178.439331997652,3428627.143529412
1760856532,100,,Aggregated,26.100000,0.000000,3000,3600,4100,4400,5300,6000,7100,7500,8700,9200,9200,1739,0,3000.0,3105.406984581245,120.88853603927419,9178.439331997652,3430558.5313398503
1760856533,100,,Aggregated,27.200000,0.000000,3000,3700,4100,4400,5300,6000,7100,7500,8700,9200,9200,1749,0,3000.0,3115.276093463003,120.88853603927419,9178.439331997652,3429570.7152658664
1760856534,100,,Aggregated,25.400000,0.000000,3000,3700,4100,4400,5300,6000,7100,7500,8700,9200,9200,1784,0,3000.0,3127.5894922152606,120.88853603927419,9178.439331997652,3425667.7034753365
1760856535,100,,Aggregated,27.900000,0.000000,3000,3700,4100,4400,5300,6000,7100,7500,8700,9200,9200,1807,0,3000.0,3136.8845223597214,120.88853603927419,9178.439331997652,3424463.7183176535
1760856536,100,,Aggregated,26.100000,0.000000,3100,3700,4100,4400,5300,6000,7100,7500,8700,9200,9200,1834,0,3000.0,3143.6054053867233,120.88853603927419,9178.439331997652,3421554.6177753545
1760856537,100,,Aggregated,26.900000,0.000000,3100,3700,4200,4400,5300,6000,7100,7500,8700,9200,9200,1875,0,3100.0,3161.3824917713505,120.88853603927419,9178.439331997652,3428536.233066667
1760856538,100,,Aggregated,27.200000,0.000000,3100,3700,4200,4400,5300,6000,7100,7500,8700,9200,9200,1882,0,3100.0,3159.2971138588355,120.88853603927419,9178.439331997652,3427161.8607863975
1760856539,100,,Aggregated,26.300000,0.000000,3100,3700,4200,4400,5300,6000,7100,7400,8700,9200,9200,1916,0,3100.0,3166.2009082877557,120.88853603927419,9178.439331997652,3425096.508350731
1760856540,100,,Aggregated,27.100000,0.000000,3100,3700,4200,4400,5300,6000,7100,7400,8700,9200,9200,1944,0,3100.0,3173.0081217985758,120.88853603927419,9178.439331997652,3430099.360596708
1760856541,100,,Aggregated,26.200000,0.000000,3100,3700,4200,4400,5300,6000,7000,7400,8700,9200,9200,1967,0,3100.0,3177.2112317556903,120.88853603927419,9178.439331997652,3424065.328418912
1760856542,100,,Aggregated,26.500000,0.000000,3100,3700,4200,4500,5300,6000,7100,7600,8700,9600,9600,2012,0,3100.0,3195.249321935081,120.88853603927419,9561.130430025514,3425119.110337972
1760856543,100,,Aggregated,26.500000,0.000000,3100,3800,4200,4500,5300,6000,7100,7600,8700,9600,9600,2019,0,3100.0,3198.2191890645836,120.88853603927419,9561.130430025514,3424553.2436849927
1760856544,100,,Aggregated,26.700000,0.000000,3100,3800,4200,4500,5300,6000,7100,7600,9200,9600,9600,2071,0,3100.0,3204.7605811720496,120.88853603927419,9615.485824004281,3418249.5306615164
1760856545,100,,Aggregated,27.100000,0.000000,3100,3800,4200,4500,5300,6000,7100,7600,9200,9600,9600,2103,0,3100.0,3209.134648302572,120.88853603927419,9615.485824004281,3418420.198763671
1760856547,100,,Aggregated,25.800000,0.000000,3100,3700,4200,4500,5300,6000,7100,7600,9200,9600,9600,2130,0,3100.0,3202.6247931757757,120.88853603927419,9615.485824004281,3415821.1492957748
1760856548,100,,Aggregated,27.400000,0.000000,3100,3700,4200,4500,5300,6000,7100,7600,9200,9600,9600,2165,0,3100.0,3200.0904004593394,120.88853603927419,9615.485824004281,3417095.083602771
1760856549,100,,Aggregated,28.800000,0.000000,3100,3700,4200,4500,5300,6000,7100,7600,9200,9600,9600,2175,0,3100.0,3199.9792378944708,120.88853603927419,9615.485824004281,3416962.6220689653
1760856550,100,,Aggregated,28.800000,0.000000,3100,3800,4200,4500,5300,6000,7000,7500,9200,9600,9600,2203,0,3100.0,3207.535960552163,120.88853603927419,9615.485824004281,3413300.0962324105
1760856551,100,,Aggregated,28.800000,0.000000,3100,3800,4200,4500,5300,5900,7000,7500,9200,9600,9600,2245,0,3100.0,3220.6410485168376,120.88853603927419,9615.485824004281,3420686.8071269486
1760856552,100,,Aggregated,27.200000,0.000000,3100,3800,4200,4500,5300,6000,7000,7500,9200,9600,9600,2262,0,3100.0,3228.9703551557723,120.88853603927419,9615.485824004281,3418618.027851459
1760856553,100,,Aggregated,29.500000,0.000000,3100,3800,4200,4500,5300,6000,7000,7400,9200,9600,9600,2310,0,3100.0,3226.440894036973,120.88853603927419,9615.485824004281,3419391.4614718617
1760856554,100,,Aggregated,28.000000,0.000000,3100,3800,4200,4500,5300,6000,7000,7400,9200,9600,9600,2320,0,3100.0,3228.1192264014335,120.88853603927419,9615.485824004281,3418909.0379310343
1760856555,100,,Aggregated,29.500000,0.000000,3100,3800,4200,4500,5300,5900,7000,7400,9200,9600,9600,2357,0,3100.0,3223.3804335058207,120.88853603927419,9615.485824004281,3414511.8188375053
1760856556,100,,Aggregated,29.800000,0.000000,3100,3800,4200,4500,5300,5900,7000,7400,9200,9600,9600,2383,0,3100.0,3232.0365966752993,120.88853603927419,9615.485824004281,3422428.395300042
1760856557,100,,Aggregated,27.800000,0.000000,3100,3800,4200,4500,5300,5900,7000,7400,9200,9600,9600,2400,0,3100.0,3230.700289083494,120.88853603927419,9615.485824004281,3419535.4920833334
1760856558,100,,Aggregated,27.800000,0.000000,3100,3800,4200,4500,5300,6000,7100,7500,9200,9600,9600,2445,0,3100.0,3244.886997155987,120.88853603927419,9615.485824004281,3419655.507157464
1760856559,100,,Aggregated,26.400000,0.000000,3100,3800,4200,4500,5300,6000,7100,7600,9200,9600,9600,2461,0,3100.0,3250.497667777096,120.88853603927419,9615.485824004281,3420212.93783015
1760856560,100,,Aggregated,26.300000,0.000000,3100,3800,4200,4500,5300,6000,7100,7600,9200,9600,9600,2496,0,3100.0,3255.548746200824,120.88853603927419,9615.485824004281,3418011.106570513
1760856561,100,,Aggregated,28.300000,0.000000,3100,3800,4200,4500,5300,6000,7100,7600,9200,9600,9600,2526,0,3100.0,3259.1462109814856,120.88853603927419,9615.485824004281,3416356.7022961206
1760856562,100,,Aggregated,27.600000,0.000000,3100,3800,4200,4500,5300,6000,7100,7600,9200,9600,9600,2541,0,3100.0,3259.36930293752,120.88853603927419,9615.485824004281,3415803.45690673
1760856563,100,,Aggregated,27.600000,0.000000,3100,3800,4300,4500,5300,6000,7100,7600,9200,9600,9600,2588,0,3100.0,3267.3384975391177,120.88853603927419,9615.485824004281,3412938.624034003
1760856564,100,,Aggregated,27.200000,0.000000,3100,3800,4300,4500,5300,6000,7100,7600,9200,9600,9600,2602,0,3100.0,3270.1227536653514,120.88853603927419,9615.485824004281,3414779.5368946963
1760856565,100,,Aggregated,26.000000,0.000000,3100,3800,4300,4600,5300,6000,7100,7600,9200,9600,9600,2642,0,3100.0,3275.068496399704,120.88853603927419,9615.485824004281,3413207.567373202
1760856566,100,,Aggregated,28.000000,0.000000,3100,3800,4300,4600,5300,6000,7100,7600,9200,9600,9600,2657,0,3100.0,3275.273963005321,120.88853603927419,9615.485824004281,3413215.9819345125
1760856567,100,,Aggregated,27.000000,0.000000,3100,3800,4300,4500,5300,6000,7100,7600,9200,9600,9600,2681,0,3100.0,3270.498405420447,120.88853603927419,9615.485824004281,3411973.7657590453
1760856568,100,,Aggregated,27.500000,0.000000,3100,3800,4300,4600,5300,6000,7100,7600,9200,9600,9600,2731,0,3100.0,3277.752507799023,120.88853603927419,9615.485824004281,3412159.4141340167
1760856569,100,,Aggregated,27.000000,0.000000,3100,3800,4300,4600,5300,6000,7100,7600,9200,9600,9600,2738,0,3100.0,3280.3875024254735,120.88853603927419,9615.485824004281,3413357.447406866
1760856570,100,,Aggregated,28.300000,0.000000,3100,3800,4300,4600,5300,6000,7100,7600,9300,9600,9600,2770,0,3100.0,3288.778112167873,120.88853603927419,9615.485824004281,3410744.3184115523
1760856571,100,,Aggregated,27.800000,0.000000,3100,3800,4300,4600,5300,6100,7100,7600,9300,9600,9600,2797,0,3100.0,3296.6109674037166,120.88853603927419,9615.485824004281,3417122.8087236322
1760856572,100,,Aggregated,26.800000,0.000000,3100,3800,4300,4600,5300,6100,7100,7600,9300,9600,9600,2813,0,3100.0,3299.9259845712954,120.88853603927419,9615.485824004281,3418013.154283683
1760856573,100,,Aggregated,27.000000,0.000000,3200,3900,4300,4600,5300,6100,7100,7600,9300,9600,9600,2855,0,3200.0,3307.791741436361,120.88853603927419,9615.485824004281,3415347.0213660244
1760856574,100,,Aggregated,27.500000,0.000000,3200,3900,4300,4600,5300,6000,7100,7600,9300,9600,9600,2875,0,3200.0,3310.415951477461,120.88853603927419,9615.485824004281,3419009.3259130437
1760856575,100,,Aggregated,26.500000,0.000000,3200,3900,4300,4600,5300,6000,7100,7600,9300,9600,9600,2897,0,3200.0,3313.9735976581887,120.88853603927419,9615.485824004281,3416850.226441146
1760856576,100,,Aggregated,26.400000,0.000000,3200,3900,4300,4600,5300,6000,7100,7600,9300,9600,9600,2931,0,3200.0,3321.7093363090553,120.88853603927419,9615.485824004281,3420553.215284886
1760856577,100,,Aggregated,26.200000,0.000000,3200,3900,4300,4600,5300,6000,7100,7600,9300,9600,9600,2940,0,3200.0,3323.3048178441836,120.88853603927419,9615.485824004281,3420228.8918367345
1760856578,100,,Aggregated,26.100000,0.000000,3200,3900,4300,4600,5300,6000,7100,7600,9300,9600,9600,2980,0,3200.0,3325.4176472912363,120.88853603927419,9615.485824004281,3417475.0
1760856579,100,,Aggregated,27.000000,0.000000,3200,3900,4300,4600,5300,6000,7100,7600,9300,9600,9600,2999,0,3200.0,3332.094961382741,120.88853603927419,9615.485824004281,3420686.699899967
1760856580,100,,Aggregated,24.500000,0.000000,3200,3900,4300,4600,5300,6000,7100,7500,9200,9600,9600,3024,0,3200.0,3332.8659218134158,120.88853603927419,9615.485824004281,3417994.975198413
1760856581,100,,Aggregated,25.800000,0.000000,3200,3900,4300,4600,5300,6000,7100,7600,9200,9600,9600,3068,0,3200.0,3337.6248144213214,120.88853603927419,9615.485824004281,3421664.721642764
1760856582,100,,Aggregated,26.000000,0.000000,3200,3900,4300,4600,5300,6100,7100,7600,9200,9600,9600,3082,0,3200.0,3336.9612580689973,120.88853603927419,9615.485824004281,3418862.198247891
1760856583,100,,Aggregated,25.500000,0.000000,3200,3900,4300,4600,5300,6100,7100,7600,9200,9600,9600,3111,0,3200.0,3340.617927539606,120.88853603927419,9615.485824004281,3417909.1243972997
1760856584,100,,Aggregated,26.200000,0.000000,3200,3900,4300,4600,5400,6100,7100,7600,9200,9600,9600,3141,0,3200.0,3343.3289606800295,120.88853603927419,9615.485824004281,3419526.918815664
1760856585,100,,Aggregated,26.000000,0.000000,3200,3900,4300,4600,5400,6100,7100,7600,9200,9600,9600,3164,0,3200.0,3340.712546802439,120.88853603927419,9615.485824004281,3417593.837863464
1760856586,100,,Aggregated,27.000000,0.000000,3200,3900,4300,4600,5400,6100,7200,7600,9600,10000,10000,3202,0,3200.0,3347.9076504765785,120.88853603927419,10347.879403969273,3420140.241099313
1760856587,100,,Aggregated,27.200000,0.000000,3200,3900,4300,4600,5400,6100,7200,7600,9600,11000,11000,3216,0,3200.0,3350.8959093989356,120.88853603927419,10859.237122989725,3421102.8128109453
1760856588,100,,Aggregated,25.700000,0.000000,3200,3900,4300,4600,5400,6100,7200,7600,9600,11000,11000,3249,0,3200.0,3352.3396593431303,120.88853603927419,10859.237122989725,3415726.3591874423
1760856589,100,,Aggregated,27.200000,0.000000,3200,3900,4300,4600,5400,6100,7200,7700,9600,11000,11000,3285,0,3200.0,3359.0228601869135,120.88853603927419,10859.237122989725,3419668.313242009
1760856590,100,,Aggregated,27.400000,0.000000,3200,3900,4300,4600,5400,6200,7200,7700,10000,11000,11000,3299,0,3200.0,3360.8660366765757,120.88853603927419,10859.237122989725,3419361.30190967
1760856591,100,,Aggregated,27.200000,0.000000,3200,3900,4300,4600,5400,6200,7200,7700,10000,12000,12000,3338,0,3200.0,3362.8713115421997,120.88853603927419,12214.283118024468,3417411.342720192
1760856592,100,,Aggregated,28.500000,0.000000,3200,3900,4400,4600,5400,6200,7200,7700,10000,12000,12000,3354,0,3200.0,3367.5893602354968,120.88853603927419,12214.283118024468,3419188.2352415025
1760856593,100,,Aggregated,26.400000,0.000000,3200,3900,4400,4600,5400,6200,7200,7700,10000,12000,12000,3388,0,3200.0,3373.0027354731096,120.88853603927419,12214.283118024468,3416499.1738488786
1760856594,100,,Aggregated,27.500000,0.000000,3200,3900,4400,4700,5400,6100,7200,7700,10000,12000,12000,3421,0,3200.0,3374.4797183215214,120.88853603927419,12214.283118024468,3417183.113124817
1760856595,100,,Aggregated,27.100000,0.000000,3200,3900,4400,4700,5400,6100,7200,7700,10000,12000,12000,3433,0,3200.0,3376.517222853168,120.88853603927419,12214.283118024468,3416300.8103699386
1760856596,100,,Aggregated,27.500000,0.000000,3200,3900,4400,4600,5400,6100,7200,7700,10000,12000,12000,3470,0,3200.0,3374.937324123041,120.88853603927419,12214.283118024468,3413359.164553314
1760856597,100,,Aggregated,26.800000,0.000000,3200,3900,4400,4600,5400,6100,7200,7700,10000,12000,12000,3497,0,3200.0,3378.674576788951,120.88853603927419,12214.283118024468,3414077.5164426654
1760856598,100,,Aggregated,27.200000,0.000000,3200,3900,4400,4700,5400,6100,7200,7700,10000,12000,12000,3530,0,3200.0,3384.0045674458647,120.88853603927419,12214.283118024468,3413555.8538243626
1760856599,100,,Aggregated,28.000000,0.000000,3200,3900,4400,4700,5400,6100,7200,7700,10000,12000,12000,3552,0,3200.0,3385.2006396601428,120.88853603927419,12214.283118024468,3412921.3727477477
1760856600,100,,Aggregated,26.800000,0.000000,3200,3900,4400,4700,5400,6100,7200,7700,10000,12000,12000,3570,0,3200.0,3385.641907565217,120.88853603927419,12214.283118024468,3411006.2904761904
1760856601,100,,Aggregated,27.100000,0.000000,3200,3900,4400,4600,5400,6100,7200,7700,10000,12000,12000,3612,0,3200.0,3385.1767314954836,120.88853603927419,12214.283118024468,3409592.6259689922
1760856602,100,,Aggregated,26.800000,0.000000,3200,3900,4400,4700,5400,6100,7200,7700,10000,12000,12000,3636,0,3200.0,3387.3467347966784,120.88853603927419,12214.283118024468,3408911.3520352035
1760856603,100,,Aggregated,27.000000,0.000000,3200,3900,4400,4700,5400,6100,7200,7700,10000,12000,12000,3660,0,3200.0,3386.9750307654854,120.88853603927419,12214.283118024468,3406979.4923497266
1760856604,100,,Aggregated,28.000000,0.000000,3200,3900,4400,4700,5400,6200,7200,7700,10000,12000,12000,3702,0,3200.0,3390.465199267625,120.88853603927419,12214.283118024468,3406975.503241491
1760856605,100,,Aggregated,27.800000,0.000000,3200,3900,4400,4700,5400,6200,7200,7700,10000,12000,12000,3713,0,3200.0,3391.0364602892037,120.88853603927419,12214.283118024468,3405932.6374899005
1760856606,100,,Aggregated,26.000000,0.000000,3200,3900,4400,4700,5400,6200,7200,7700,10000,12000,12000,3761,0,3200.0,3398.1347253855643,120.88853603927419,12214.283118024468,3410842.4206328103
1760856607,100,,Aggregated,28.100000,0.000000,3200,3900,4400,4700,5400,6200,7200,7700,10000,12000,12000,3782,0,3200.0,3396.028909534615,120.88853603927419,12214.283118024468,3411219.346377578
1760856609,100,,Aggregated,27.500000,0.000000,3200,3900,4400,4700,5400,6200,7200,7700,10000,12000,12000,3821,0,3200.0,3396.456463669209,120.88853603927419,12214.283118024468,3407074.312483643
1760856610,100,,Aggregated,28.400000,0.000000,3200,3900,4400,4700,5400,6200,7200,7700,10000,12000,12000,3836,0,3200.0,3394.670378605543,120.88853603927419,12214.283118024468,3408543.9872262776
1760856611,100,,Aggregated,28.100000,0.000000,3200,3900,4400,4700,5400,6100,7200,7700,10000,12000,12000,3863,0,3200.0,3396.5673724786034,120.88853603927419,12214.283118024468,3407000.820605747
1760856612,100,,Aggregated,27.500000,0.000000,3200,3900,4400,4700,5400,6100,7200,7700,10000,12000,12000,3906,0,3200.0,3398.0216337655197,120.88853603927419,12214.283118024468,3405206.6938044033
1760856613,100,,Aggregated,28.000000,0.000000,3200,3900,4400,4700,5400,6100,7200,7700,10000,12000,12000,3924,0,3200.0,3400.1676033514104,120.88853603927419,12214.283118024468,3404732.848878695
1760856614,100,,Aggregated,27.600000,0.000000,3200,3900,4400,4700,5400,6100,7200,7700,10000,12000,12000,3944,0,3200.0,3397.9842649829966,120.88853603927419,12214.283118024468,3403534.79994929
1760856615,100,,Aggregated,27.600000,0.000000,3200,3900,4400,4700,5400,6200,7200,7700,10000,12000,12000,3978,0,3200.0,3404.3262853378496,120.88853603927419,12214.283118024468,3406288.7355455
1760856616,100,,Aggregated,26.900000,0.000000,3200,3900,4400,4700,5400,6200,7200,7700,10000,12000,12000,3998,0,3200.0,3405.0159789184318,120.88853603927419,12214.283118024468,3407951.4267133567
1760856617,100,,Aggregated,27.100000,0.000000,3200,3900,4400,4700,5400,6200,7200,7700,10000,12000,12000,4047,0,3200.0,3411.8920875053236,120.88853603927419,12214.283118024468,3408995.9441561652
1760856618,100,,Aggregated,27.700000,0.000000,3300,3900,4400,4700,5400,6200,7200,7700,10000,12000,12000,4060,0,3300.0,3412.7882753310487,120.88853603927419,12214.283118024468,3409559.4184729066
1760856619,100,,Aggregated,27.600000,0.000000,3300,3900,4400,4700,5400,6200,7200,7700,10000,12000,12000,4084,0,3300.0,3414.3362475504578,120.88853603927419,12214.283118024468,3408212.995347698
1760856620,100,,Aggregated,27.500000,0.000000,3300,3900,4400,4700,5400,6200,7200,7700,10000,12000,12000,4115,0,3300.0,3415.084585530532,120.88853603927419,12214.283118024468,3407715.9188335356
1760856621,100,,Aggregated,25.500000,0.000000,3300,3900,4400,4700,5400,6200,7200,7700,10000,12000,12000,4140,0,3300.0,3415.817046007493,120.88853603927419,12214.283118024468,3406761.3741545896
1760856622,100,,Aggregated,27.600000,0.000000,3300,3900,4400,4700,5400,6100,7200,7700,10000,12000,12000,4173,0,3300.0,3416.1401574038287,120.88853603927419,12214.283118024468,3406028.5650611073
1760856623,100,,Aggregated,26.900000,0.000000,3300,3900,4400,4700,5400,6100,7200,7700,10000,12000,12000,4197,0,3300.0,3415.3379035926087,120.88853603927419,12214.283118024468,3404943.408386943
1760856624,100,,Aggregated,26.700000,0.000000,3300,3900,4400,4700,5400,6200,7200,7700,10000,12000,12000,4211,0,3300.0,3418.4964289810673,120.88853603927419,12214.283118024468,3405629.53217763
1760856625,100,,Aggregated,27.200000,0.000000,3300,3900,4400,4700,5400,6200,7200,7700,10000,12000,12000,4261,0,3300.0,3426.4543361310425,120.88853603927419,12214.283118024468,3407548.5221778927
1760856626,100,,Aggregated,26.800000,0.000000,3300,3900,4400,4700,5400,6200,7200,7700,10000,12000,12000,4271,0,3300.0,3427.926078940865,120.88853603927419,12214.283118024468,3408346.8440646217
1760856627,100,,Aggregated,27.500000,0.000000,3300,3900,4400,4700,5400,6200,7200,7700,10000,12000,12000,4312,0,3300.0,3427.644237844204,120.88853603927419,12214.283118024468,3404895.999536178
1760856628,100,,Aggregated,27.400000,0.000000,3300,3900,4400,4700,5400,6200,7200,7700,10000,12000,12000,4341,0,3300.0,3428.745850555207,120.88853603927419,12214.283118024468,3405601.2363510714
1760856629,100,,Aggregated,25.900000,0.000000,3300,3900,4400,4700,5400,6200,7200,7700,10000,12000,12000,4356,0,3300.0,3428.3295183503765,120.88853603927419,12214.283118024468,3405112.360422406
1760856630,100,,Aggregated,28.300000,0.000000,3300,3900,4400,4700,5400,6200,7200,7700,10000,12000,12000,4401,0,3300.0,3422.2769458253183,120.88853603927419,12214.283118024468,3403516.143149284
1760856631,100,,Aggregated,28.000000,0.000000,3300,3900,4400,4700,5400,6200,7200,7700,10000,12000,12000,4413,0,3300.0,3424.219351453704,120.88853603927419,12214.283118024468,3404860.6372082485
1760856632,100,,Aggregated,27.200000,0.000000,3300,3900,4400,4700,5400,6200,7200,7700,10000,12000,12000,4450,0,3300.0,3425.693581655775,120.88853603927419,12214.283118024468,3403715.1301123598
1760856633,100,,Aggregated,28.300000,0.000000,3300,3900,4400,4700,5400,6200,7200,7700,10000,12000,12000,4483,0,3300.0,3428.158053974571,120.88853603927419,12214.283118024468,3406342.4626366273
1760856634,100,,Aggregated,26.900000,0.000000,3300,3900,4400,4700,5400,6200,7200,7700,10000,12000,12000,4494,0,3300.0,3428.4642683616307,120.88853603927419,12214.283118024468,3405182.1595460614
1760856635,100,,Aggregated,28.600000,0.000000,3300,3900,4400,4700,5400,6200,7300,7700,10000,12000,12000,4538,0,3300.0,3434.016194925281,120.88853603927419,12214.283118024468,3404364.0575143234
1760856636,100,,Aggregated,28.500000,0.000000,3300,3900,4400,4700,5400,6200,7200,7700,10000,12000,12000,4556,0,3300.0,3434.12149721749,120.88853603927419,12214.283118024468,3405108.026777875
1760856637,100,,Aggregated,27.100000,0.000000,3300,3900,4400,4700,5400,6200,7200,7700,10000,12000,12000,4576,0,3300.0,3434.8597646819967,120.88853603927419,12214.283118024468,3403192.071896853
1760856638,100,,Aggregated,28.300000,0.000000,3300,3900,4400,4700,5400,6200,7200,7700,10000,12000,12000,4619,0,3300.0,3434.944672783915,120.88853603927419,12214.283118024468,3403499.266074908
1760856639,100,,Aggregated,26.400000,0.000000,3300,3900,4400,4700,5400,6200,7200,7700,10000,12000,12000,4634,0,3300.0,3435.963154177792,120.88853603927419,12214.283118024468,3402199.4997842037
1760856640,100,,Aggregated,26.500000,0.000000,3300,3900,4400,4700,5400,6200,7200,7700,10000,12000,12000,4674,0,3300.0,3436.040664050272,120.88853603927419,12214.283118024468,3400339.23491656
1760856641,100,,Aggregated,27.200000,0.000000,3300,3900,4400,4700,5400,6200,7300,7700,10000,12000,12000,4699,0,3300.0,3439.082233347479,120.88853603927419,12214.283118024468,3400710.048308151
1760856642,100,,Aggregated,27.900000,0.000000,3300,3900,4400,4700,5400,6200,7300,7700,10000,12000,12000,4735,0,3300.0,3440.25517613156,120.88853603927419,12214.283118024468,3401339.913621964
1760856643,100,,Aggregated,27.200000,0.000000,3300,3900,4400,4700,5400,6200,7200,7700,10000,12000,12000,4755,0,3300.0,3440.4756606443957,120.88853603927419,12214.283118024468,3403133.207570978
1760856644,100,,Aggregated,28.100000,0.000000,3300,3900,4400,4700,5400,6200,7200,7700,10000,12000,12000,4768,0,3300.0,3441.189189438327,120.88853603927419,12214.283118024468,3403512.8710151007
1760856645,100,,Aggregated,26.900000,0.000000,3300,3900,4400,4700,5400,6200,7200,7700,10000,12000,12000,4798,0,3300.0,3443.8110574476696,120.88853603927419,12214.283118024468,3404814.7386411005
1760856646,100,,Aggregated,26.900000,0.000000,3300,3900,4400,4700,5400,6200,7200,7700,10000,12000,12000,4829,0,3300.0,3447.3919299718173,120.88853603927419,12214.283118024468,3404479.71629737
1760856647,100,,Aggregated,25.900000,0.000000,3300,3900,4400,4700,5400,6200,7200,7700,10000,12000,12000,4849,0,3300.0,3447.9120290674127,120.88853603927419,12214.283118024468,3403581.8049082286
1760856648,100,,Aggregated,27.600000,0.000000,3300,3900,4400,4700,5400,6200,7200,7700,10000,12000,12000,4885,0,3300.0,3447.2767725662047,120.88853603927419,12214.283118024468,3404345.431934493
1760856649,100,,Aggregated,27.500000,0.000000,3300,4000,4400,4700,5400,6200,7200,7700,10000,12000,12000,4900,0,3300.0,3450.04263580691,120.88853603927419,12214.283118024468,3405278.127959184
1760856650,100,,Aggregated,26.400000,0.000000,3300,4000,4400,4700,5400,6200,7300,7700,10000,12000,12000,4928,0,3300.0,3452.017535377175,120.88853603927419,12214.283118024468,3404638.1732954546
1760856651,100,,Aggregated,26.600000,0.000000,3300,4000,4400,4700,5400,6200,7300,7800,10000,12000,12000,4973,0,3300.0,3454.4545558809,120.88853603927419,12214.283118024468,3405590.262417052
1760856652,100,,Aggregated,24.800000,0.000000,3300,4000,4400,4700,5400,6200,7300,7800,10000,12000,12000,4994,0,3300.0,3451.3580012668735,120.88853603927419,12214.283118024468,3403653.467961554
1760856653,100,,Aggregated,26.900000,0.000000,3300,4000,4400,4700,5400,6200,7300,7800,10000,12000,12000,5032,0,3300.0,3454.1938606987014,120.88853603927419,12214.283118024468,3404499.411963434
1760856654,100,,Aggregated,26.100000,0.000000,3300,4000,4400,4700,5400,6200,7300,7800,10000,12000,12000,5039,0,3300.0,3454.327568197634,120.88853603927419,12214.283118024468,3403923.1061718594
1760856655,100,,Aggregated,27.200000,0.000000,3300,4000,4400,4700,5400,6200,7300,7800,10000,12000,12000,5076,0,3300.0,3453.3570725660024,120.88853603927419,12214.283118024468,3403667.8223010246
1760856656,100,,Aggregated,27.600000,0.000000,3300,4000,4400,4700,5400,6200,7300,7800,10000,12000,12000,5113,0,3300.0,3458.004649606687,120.88853603927419,12214.283118024468,3404585.0846860944
1760856657,100,,Aggregated,27.000000,0.000000,3300,4000,4400,4700,5400,6200,7300,7800,10000,12000,12000,5128,0,3300.0,3458.0219862259983,120.88853603927419,12214.283118024468,3402852.649570983
1760856658,100,,Aggregated,27.200000,0.000000,3300,4000,4400,4700,5400,6200,7300,7800,10000,12000,12000,5172,0,3300.0,3459.899396572721,120.88853603927419,12214.283118024468,3402270.403325599
1760856659,100,,Aggregated,28.300000,0.000000,3300,4000,4400,4700,5400,6200,7300,7800,10000,12000,12000,5189,0,3300.0,3460.0302418600972,120.88853603927419,12214.283118024468,3402343.589901715
1760856660,100,,Aggregated,26.600000,0.000000,3300,4000,4400,4700,5400,6200,7300,7800,10000,12000,12000,5223,0,3300.0,3460.9825117906785,120.88853603927419,12214.283118024468,3400755.219222669
1760856661,100,,Aggregated,29.100000,0.000000,3300,4000,4400,4700,5400,6200,7300,7800,10000,12000,12000,5249,0,3300.0,3461.3613250559783,120.88853603927419,12214.283118024468,3403730.863783578
1760856662,100,,Aggregated,29.100000,0.000000,3300,4000,4400,4700,5400,6200,7300,7800,10000,12000,12000,5258,0,3300.0,3461.0010294434665,120.88853603927419,12214.283118024468,3403376.817611259
1760856663,100,,Aggregated,28.200000,0.000000,3300,4000,4400,4700,5400,6200,7300,7800,10000,12000,12000,5312,0,3300.0,3467.0026957907544,120.88853603927419,12214.283118024468,3404319.9926581327
1760856664,100,,Aggregated,27.100000,0.000000,3300,4000,4400,4700,5400,6200,7300,7800,10000,12000,12000,5319,0,3300.0,3467.052693935406,120.88853603927419,12214.283118024468,3404273.727392367
1760856665,100,,Aggregated,25.000000,0.000000,3300,4000,4400,4700,5400,6200,7300,7800,10000,12000,12000,5358,0,3300.0,3470.9091683634692,120.88853603927419,12214.283118024468,3403222.269503546
1760856666,100,,Aggregated,27.800000,0.000000,3300,4000,4400,4700,5400,6200,7300,7800,10000,12000,12000,5386,0,3300.0,3468.353803201168,120.88853603927419,12214.283118024468,3403655.74006684
1760856667,100,,Aggregated,27.000000,0.000000,3300,4000,4400,4700,5400,6200,7300,7700,10000,12000,12000,5412,0,3300.0,3468.3406696115517,120.88853603927419,12214.283118024468,3402376.6868070955
1760856668,100,,Aggregated,26.200000,0.000000,3300,4000,4400,4700,5400,6200,7300,7700,10000,12000,12000,5446,0,3300.0,3469.4529897480356,120.88853603927419,12214.283118024468,3404189.76092545
1760856669,100,,Aggregated,26.800000,0.000000,3300,4000,4400,4700,5400,6200,7300,7700,10000,12000,12000,5458,0,3300.0,3470.0593628865636,120.88853603927419,12214.283118024468,3402945.407658483
1760856670,100,,Aggregated,27.700000,0.000000,3300,4000,4400,4700,5400,6200,7300,7700,10000,12000,12000,5490,0,3300.0,3472.4525695032858,120.88853603927419,12214.283118024468,3401584.8360655736
1760856671,100,,Aggregated,26.400000,0.000000,3300,4000,4400,4700,5400,6200,7300,7700,10000,12000,12000,5519,0,3300.0,3474.946984666018,120.88853603927419,12214.283118024468,3403414.1096213083
1760856673,100,,Aggregated,25.800000,0.000000,3300,4000,4400,4700,5400,6200,7300,7700,10000,12000,12000,5537,0,3300.0,3475.6013897179964,120.88853603927419,12214.283118024468,3403360.3787249415
1760856674,100,,Aggregated,25.500000,0.000000,3300,4000,4400,4700,5400,6200,7300,7700,10000,12000,12000,5584,0,3300.0,3475.170768424184,120.88853603927419,12214.283118024468,3402280.0141475643
1760856675,100,,Aggregated,27.000000,0.000000,3300,4000,4400,4700,5400,6200,7300,7700,10000,12000,12000,5599,0,3300.0,3473.994310737038,120.88853603927419,12214.283118024468,3401972.251294874
1760856676,100,,Aggregated,27.100000,0.000000,3300,4000,4400,4700,5400,6200,7300,7700,10000,12000,12000,5636,0,3300.0,3475.830705276543,120.88853603927419,12214.283118024468,3402055.389638041
1760856677,100,,Aggregated,27.100000,0.000000,3300,4000,4400,4700,5400,6200,7300,7700,10000,12000,12000,5657,0,3300.0,3475.682961220692,120.88853603927419,12214.283118024468,3401428.5165281952
1760856678,100,,Aggregated,27.600000,0.000000,3300,4000,4400,4700,5400,6200,7300,7700,10000,12000,12000,5672,0,3300.0,3476.0225223635985,120.88853603927419,12214.283118024468,3401748.8748236955
1760856679,100,,Aggregated,27.100000,0.000000,3300,4000,4500,4700,5400,6200,7300,7700,10000,12000,12000,5717,0,3300.0,3481.8627565555753,120.88853603927419,12214.283118024468,3402311.221619731
1760856680,100,,Aggregated,25.800000,0.000000,3300,4000,4500,4700,5400,6200,7300,7700,10000,12000,12000,5734,0,3300.0,3480.5850948798993,120.88853603927419,12214.283118024468,3401540.7973491456
1760856681,100,,Aggregated,26.900000,0.000000,3300,4000,4500,4700,5400,6200,7300,7700,10000,12000,12000,5770,0,3300.0,3479.6010903260853,120.88853603927419,12214.283118024468,3400281.92322357
1760856682,100,,Aggregated,27.500000,0.000000,3300,4000,4500,4700,5400,6200,7300,7700,10000,12000,12000,5799,0,3300.0,3480.9752258878048,120.88853603927419,12214.283118024468,3401892.8470425936
1760856683,100,,Aggregated,27.800000,0.000000,3300,4000,4500,4700,5400,6200,7300,7700,10000,12000,12000,5811,0,3300.0,3482.411603985604,120.88853603927419,12214.283118024468,3401852.924797797
1760856684,100,,Aggregated,27.700000,0.000000,3300,4000,4500,4700,5400,6200,7300,7700,10000,12000,12000,5847,0,3300.0,3483.9395058691116,120.88853603927419,12214.283118024468,3401478.015392509
1760856685,100,,Aggregated,27.100000,0.000000,3300,4000,4500,4700,5400,6200,7300,7700,10000,12000,12000,5872,0,3300.0,3483.0774388536606,120.88853603927419,12214.283118024468,3401186.3755108994
1760856686,100,,Aggregated,25.600000,0.000000,3300,4000,4500,4700,5400,6200,7300,7700,10000,12000,12000,5909,0,3300.0,3479.4386767539945,120.88853603927419,12214.283118024468,3399128.5667625656
1760856687,100,,Aggregated,27.100000,0.000000,3300,4000,4500,4700,5400,6200,7300,7700,10000,12000,12000,5940,0,3300.0,3480.2550416101617,120.88853603927419,12214.283118024468,3399725.9008417507
1760856688,100,,Aggregated,26.600000,0.000000,3300,4000,4500,4700,5400,6200,7300,7700,10000,12000,12000,5955,0,3300.0,3481.889819366312,120.88853603927419,12214.283118024468,3398370.2063811924
1760856689,100,,Aggregated,28.000000,0.000000,3300,4000,4500,4700,5400,6200,7300,7800,10000,12000,12000,5990,0,3300.0,3478.7751964992203,120.88853603927419,12214.283118024468,3398193.166944908
1760856690,100,,Aggregated,28.300000,0.000000,3300,4000,4500,4700,5500,6200,7300,7800,10000,12000,12000,6018,0,3300.0,3482.322109978435,120.88853603927419,12214.283118024468,3399420.924393486
1760856691,100,,Aggregated,27.100000,0.000000,3300,4000,4500,4800,5500,6200,7300,7800,10000,12000,12000,6045,0,3300.0,3486.984695275007,120.88853603927419,12214.283118024468,3399160.599503722
1760856692,100,,Aggregated,28.200000,0.000000,3300,4000,4500,4700,5500,6200,7300,7800,10000,12000,12000,6079,0,3300.0,3487.2453138215556,120.88853603927419,12214.283118024468,3400254.292646817
1760856693,100,,Aggregated,26.700000,0.000000,3300,4000,4500,4700,5500,6200,7300,7800,10000,12000,12000,6094,0,3300.0,3486.1121939296495,120.88853603927419,12214.283118024468,3398624.411060059
1760856694,100,,Aggregated,28.100000,0.000000,3300,4000,4500,4700,5500,6200,7300,7800,10000,12000,12000,6139,0,3300.0,3480.7314563643718,120.88853603927419,12214.283118024468,3398284.520280176
1760856695,100,,Aggregated,28.100000,0.000000,3300,4000,4500,4700,5500,6200,7300,7800,10000,12000,12000,6163,0,3300.0,3480.828082282142,120.88853603927419,12214.283118024468,3398273.3717345446
1760856696,100,,Aggregated,29.100000,0.000000,3300,4000,4500,4700,5500,6200,7300,7800,10000,12000,12000,6179,0,3300.0,3481.0680445517014,120.88853603927419,12214.283118024468,3398408.8087069103
1760856697,100,,Aggregated,29.200000,0.000000,3300,4000,4500,4800,5500,6300,7300,7800,10000,12000,12000,6228,0,3300.0,3486.6072453259476,120.88853603927419,12214.283118024468,3399106.856775851
1760856698,100,,Aggregated,27.100000,0.000000,3300,4000,4500,4800,5500,6300,7300,7800,10000,12000,12000,6236,0,3300.0,3486.674900549239,120.88853603927419,12214.283118024468,3399520.803239256
1760856699,100,,Aggregated,27.900000,0.000000,3300,4000,4500,4800,5500,6300,7300,7800,10000,12000,12000,6269,0,3300.0,3487.6816755171512,120.88853603927419,12214.283118024468,3398303.335460201
1760856700,100,,Aggregated,27.900000,0.000000,3300,4000,4500,4800,5500,6300,7300,7800,10000,12000,12000,6300,0,3300.0,3488.072134032382,120.88853603927419,12214.283118024468,3398610.409047619
1760856701,100,,Aggregated,26.900000,0.000000,3300,4000,4500,4800,5500,6300,7300,7800,10000,12000,12000,6310,0,3300.0,3490.5568035673473,120.88853603927419,12214.283118024468,3398055.2038034867
1760856702,100,,Aggregated,28.500000,0.000000,3300,4000,4500,4800,5500,6300,7300,7800,10000,12000,12000,6358,0,3300.0,3493.4572694830294,120.88853603927419,12214.283118024468,3398744.2474048445
1760856703,100,,Aggregated,27.000000,0.000000,3300,4000,4500,4800,5500,6300,7400,7800,10000,12000,12000,6385,0,3300.0,3494.044160034761,120.88853603927419,12214.283118024468,3399092.172278778
1760856704,100,,Aggregated,26.300000,0.000000,3300,4000,4500,4800,5500,6300,7300,7800,10000,12000,12000,6418,0,3300.0,3493.5402726358493,120.88853603927419,12214.283118024468,3398377.554534123
1760856705,100,,Aggregated,29.400000,0.000000,3300,4000,4500,4800,5500,6300,7300,7800,10000,12000,12000,6447,0,3300.0,3491.508422978263,120.88853603927419,12214.283118024468,3397800.8113851403
1760856706,100,,Aggregated,27.300000,0.000000,3300,4000,4500,4800,5500,6300,7300,7800,10000,12000,12000,6453,0,3300.0,3491.7113893669334,120.88853603927419,12214.283118024468,3398452.9222067255
1760856707,100,,Aggregated,28.100000,0.000000,3300,4000,4500,4800,5500,6300,7300,7800,10000,12000,12000,6495,0,3300.0,3492.9099482772435,120.88853603927419,12214.283118024468,3396920.522247883
1760856708,100,,Aggregated,28.000000,0.000000,3300,4000,4500,4800,5500,6300,7300,7800,10000,12000,12000,6519,0,3300.0,3493.8595812904646,120.88853603927419,12214.283118024468,3398430.4440865163
1760856709,100,,Aggregated,25.500000,0.000000,3300,4000,4500,4800,5500,6300,7300,7800,10000,12000,12000,6547,0,3300.0,3493.0506232093126,120.88853603927419,12214.283118024468,3396712.675729342
1760856710,100,,Aggregated,28.000000,0.000000,3300,4000,4500,4800,5500,6300,7300,7800,10000,12000,12000,6582,0,3300.0,3496.4867165324317,120.88853603927419,12214.283118024468,3398473.446520814
1760856711,100,,Aggregated,27.100000,0.000000,3300,4000,4500,4800,5500,6300,7300,7800,10000,12000,12000,6599,0,3300.0,3497.152392202407,120.88853603927419,12214.283118024468,3399238.4976511593
1760856712,100,,Aggregated,26.600000,0.000000,3300,4000,4500,4800,5500,6300,7300,7800,10000,12000,12000,6639,0,3300.0,3495.8855271231478,120.88853603927419,12214.283118024468,3399027.390420244
1760856713,100,,Aggregated,28.800000,0.000000,3300,4000,4500,4800,5500,6300,7300,7800,10000,12000,12000,6657,0,3300.0,3496.210228583669,120.88853603927419,12214.283118024468,3399028.41610335
1760856714,100,,Aggregated,27.600000,0.000000,3300,4000,4500,4800,5500,6300,7300,7800,10000,12000,12000,6673,0,3300.0,3497.6292601730333,120.88853603927419,12214.283118024468,3398087.61786303
1760856715,100,,Aggregated,26.900000,0.000000,3300,4000,4500,4800,5500,6300,7300,7800,10000,12000,12000,6720,0,3300.0,3499.288008996972,120.88853603927419,12214.283118024468,3399329.445684524
1760856716,100,,Aggregated,25.900000,0.000000,3300,4000,4500,4800,5500,6300,7300,7800,10000,12000,12000,6733,0,3300.0,3500.143181700548,120.88853603927419,12214.283118024468,3399096.2709045
1760856717,100,,Aggregated,25.200000,0.000000,3300,4000,4500,4800,5500,6300,7300,7800,10000,12000,12000,6765,0,3300.0,3499.449877222437,120.88853603927419,12214.283118024468,3397541.1296378416
1760856718,100,,Aggregated,27.500000,0.000000,3300,4000,4500,4800,5500,6300,7300,7800,10000,12000,12000,6791,0,3300.0,3501.380907050015,120.88853603927419,12214.283118024468,3398664.756736858
1760856719,100,,Aggregated,27.400000,0.000000,3300,4000,4500,4800,5500,6300,7300,7800,10000,12000,12000,6809,0,3300.0,3502.583436047223,120.88853603927419,12214.283118024468,3399493.759876634
1760856720,100,,Aggregated,27.000000,0.000000,3400,4000,4500,4800,5500,6300,7300,7800,10000,12000,12000,6852,0,3300.0,3504.700730600654,120.88853603927419,12214.283118024468,3399876.558669002
1760856721,100,,Aggregated,27.100000,0.000000,3300,4000,4500,4800,5500,6300,7300,7800,10000,12000,12000,6870,0,3300.0,3504.298626985206,120.88853603927419,12214.283118024468,3399255.7876273654
1760856722,100,,Aggregated,25.900000,0.000000,3300,4000,4500,4800,5500,6300,7300,7800,10000,12000,12000,6900,0,3300.0,3504.794240430326,120.88853603927419,12214.283118024468,3397008.629710145
1760856723,100,,Aggregated,26.700000,0.000000,3300,4000,4500,4800,5500,6300,7300,7800,10000,12000,12000,6930,0,3300.0,3504.8707463447736,120.88853603927419,12214.283118024468,3398013.645021645
1760856724,100,,Aggregated,26.100000,0.000000,3300,4000,4500,4800,5500,6300,7300,7800,10000,12000,12000,6946,0,3300.0,3503.451036268958,120.88853603927419,12214.283118024468,3397518.331413763
1760856725,100,,Aggregated,26.800000,0.000000,3300,4000,4500,4800,5500,6300,7300,7800,10000,12000,12000,6988,0,3300.0,3504.9541024990244,120.88853603927419,12214.283118024468,3398123.7584430454
1760856726,100,,Aggregated,27.500000,0.000000,3400,4000,4500,4800,5500,6300,7300,7800,9700,12000,12000,7013,0,3400.0,3507.774569026671,120.88853603927419,12214.283118024468,3398802.51989163
1760856727,100,,Aggregated,26.700000,0.000000,3300,4000,4500,4800,5500,6300,7300,7800,9700,12000,12000,7043,0,3300.0,3507.666004084489,120.88853603927419,12214.283118024468,3398140.7008377113
1760856728,100,,Aggregated,26.800000,0.000000,3400,4000,4500,4800,5500,6300,7300,7800,9700,12000,12000,7069,0,3400.0,3508.6479181859086,120.88853603927419,12214.283118024468,3399473.549441222
1760856729,100,,Aggregated,27.000000,0.000000,3400,4000,4500,4800,5500,6300,7300,7800,9700,12000,12000,7077,0,3400.0,3509.210610995506,120.88853603927419,12214.283118024468,3399088.3569309027
1760856730,100,,Aggregated,27.500000,0.000000,3300,4000,4500,4800,5500,6300,7300,7800,9700,12000,12000,7131,0,3300.0,3508.443429978298,120.88853603927419,12214.283118024468,3399172.603982611
1760856731,100,,Aggregated,27.300000,0.000000,3400,4000,4500,4800,5500,6300,7300,7800,9700,12000,12000,7146,0,3300.0,3507.7392464026298,120.88853603927419,12214.283118024468,3399141.8046459556
1760856732,100,,Aggregated,26.700000,0.000000,3400,4000,4500,4800,5500,6300,7300,7800,9700,12000,12000,7184,0,3400.0,3510.0714092640937,120.88853603927419,12214.283118024468,3398011.8414532295
1760856733,100,,Aggregated,27.600000,0.000000,3300,4000,4500,4800,5500,6300,7300,7800,9700,12000,12000,7216,0,3300.0,3511.520087063604,120.88853603927419,12214.283118024468,3398068.6161308205
1760856734,100,,Aggregated,27.300000,0.000000,3400,4000,4500,4800,5500,6300,7300,7800,9700,12000,12000,7230,0,3400.0,3511.3981547218636,120.88853603927419,12214.283118024468,3398470.0901798066
1760856735,100,,Aggregated,27.400000,0.000000,3300,4000,4500,4800,5500,6300,7300,7800,9700,12000,12000,7271,0,3300.0,3508.2963347190457,120.88853603927419,12214.283118024468,3396592.839499381
1760856736,100,,Aggregated,27.800000,0.000000,3300,4000,4500,4800,5500,6300,7300,7800,9700,12000,12000,7293,0,3300.0,3510.1908147656854,120.88853603927419,12214.283118024468,3396984.779651721
1760856737,100,,Aggregated,27.500000,0.000000,3400,4000,4500,4800,5500,6300,7300,7800,9700,12000,12000,7324,0,3400.0,3512.410169926823,120.88853603927419,12214.283118024468,3397016.5094210813
1760856738,100,,Aggregated,27.900000,0.000000,3400,4000,4500,4800,5500,6300,7300,7800,9700,12000,12000,7351,0,3400.0,3511.1298434368096,120.88853603927419,12214.283118024468,3398732.1829683036
1760856739,100,,Aggregated,28.400000,0.000000,3400,4000,4500,4800,5500,6300,7300,7800,9700,12000,12000,7365,0,3400.0,3509.9310122598886,120.88853603927419,12214.283118024468,3398446.3592668027
1760856740,100,,Aggregated,26.700000,0.000000,3400,4000,4500,4800,5500,6300,7300,7800,9700,12000,12000,7414,0,3400.0,3510.986681195405,120.88853603927419,12214.283118024468,3397752.5664958186
1760856741,100,,Aggregated,28.400000,0.000000,3400,4000,4500,4800,5500,6300,7300,7800,9700,12000,12000,7430,0,3400.0,3512.5974144472193,120.88853603927419,12214.283118024468,3396815.6877523554
1760856742,100,,Aggregated,27.500000,0.000000,3400,4000,4500,4800,5500,6300,7300,7800,9700,12000,12000,7465,0,3400.0,3511.0027118389808,120.88853603927419,12214.283118024468,3395232.8675150704
1760856743,100,,Aggregated,27.900000,0.000000,3400,4000,4500,4800,5500,6300,7300,7800,9700,12000,12000,7487,0,3400.0,3510.618654434499,120.88853603927419,12214.283118024468,3395466.8279684787
1760856745,100,,Aggregated,27.100000,0.000000,3400,4000,4500,4800,5500,6300,7300,7800,9700,12000,12000,7507,0,3400.0,3511.4208886057313,120.88853603927419,12214.283118024468,3395627.6170241106
1760856746,100,,Aggregated,27.100000,0.000000,3300,4000,4500,4800,5500,6300,7300,7800,9700,12000,12000,7556,0,3300.0,3510.5701309769725,120.88853603927419,12214.283118024468,3394562.0757014295
1760856747,100,,Aggregated,27.000000,0.000000,3300,4000,4500,4800,5500,6300,7300,7800,10000,12000,12000,7573,0,3300.0,3512.9388909792515,120.88853603927419,12214.283118024468,3394534.439455962
1760856748,100,,Aggregated,28.100000,0.000000,3300,4000,4500,4800,5500,6300,7300,7800,10000,12000,12000,7609,0,3300.0,3514.589656694823,120.88853603927419,12214.283118024468,3393683.3937442503
1760856749,100,,Aggregated,27.200000,0.000000,3300,4000,4500,4800,5500,6300,7300,7800,10000,12000,12000,7633,0,3300.0,3514.1002146743003,120.88853603927419,12214.283118024468,3393634.737586794
1760856750,100,,Aggregated,27.200000,0.000000,3400,4000,4500,4800,5500,6300,7300,7800,10000,12000,12000,7647,0,3400.0,3514.493662116921,120.88853603927419,12214.283118024468,3393577.9221917093
1760856751,100,,Aggregated,27.800000,0.000000,3300,4000,4500,4800,5500,6300,7300,7800,10000,12000,12000,7704,0,3300.0,3512.9225009069705,120.88853603927419,12214.283118024468,3394710.334761163
1760856752,100,,Aggregated,28.000000,0.000000,3300,4000,4500,4800,5500,6300,7300,7800,10000,12000,12000,7722,0,3300.0,3512.4917139714294,120.88853603927419,12214.283118024468,3394133.2325822324
1760856753,100,,Aggregated,27.600000,0.000000,3300,4000,4500,4800,5500,6300,7300,7800,10000,12000,12000,7754,0,3300.0,3510.825746290622,120.88853603927419,12214.283118024468,3394281.9761413466
1760856754,100,,Aggregated,28.800000,0.000000,3300,4000,4500,4800,5500,6300,7300,7800,10000,12000,12000,7777,0,3300.0,3513.336967193432,120.88853603927419,12214.283118024468,3394826.097724058
1760856755,100,,Aggregated,27.500000,0.000000,3300,4000,4500,4800,5500,6300,7300,7800,10000,12000,12000,7814,0,3300.0,3514.796135235779,120.88853603927419,12214.283118024468,3393850.577681085
1760856756,100,,Aggregated,28.400000,0.000000,3400,4000,4500,4800,5500,6300,7300,7800,10000,12000,12000,7844,0,3400.0,3514.7432935412285,120.88853603927419,12214.283118024468,3394679.1663691993
1760856757,100,,Aggregated,29.000000,0.000000,3400,4000,4500,4800,5500,6300,7300,7800,10000,12000,12000,7849,0,3400.0,3515.5410999362107,120.88853603927419,12214.283118024468,3394268.977958976
1760856758,100,,Aggregated,28.500000,0.000000,3400,4000,4500,4800,5500,6300,7300,7800,10000,12000,12000,7871,0,3400.0,3515.314731068029,120.88853603927419,12214.283118024468,3394536.0584423835
1760856759,100,,Aggregated,27.400000,0.000000,3400,4000,4500,4800,5500,6300,7300,7800,10000,12000,12000,7910,0,3400.0,3517.4267992502496,120.88853603927419,12214.283118024468,3395858.3793931734
1760856760,100,,Aggregated,25.400000,0.000000,3400,4000,4500,4800,5500,6300,7300,7800,10000,12000,12000,7931,0,3400.0,3518.2524073789536,120.88853603927419,12214.283118024468,3396074.165426806
1760856761,100,,Aggregated,26.400000,0.000000,3400,4000,4500,4800,5500,6300,7300,7800,10000,12000,12000,7974,0,3400.0,3519.8620037736787,120.88853603927419,12214.283118024468,3396619.2111863554
1760856762,100,,Aggregated,27.400000,0.000000,3400,4000,4500,4800,5500,6300,7300,7800,10000,12000,12000,7983,0,3400.0,3520.2971443109627,120.88853603927419,12214.283118024468,3396901.30615057
1760856763,100,,Aggregated,26.400000,0.000000,3400,4000,4500,4800,5500,6300,7300,7800,10000,12000,12000,8022,0,3400.0,3520.066223007303,120.88853603927419,12214.283118024468,3395355.44315632
1760856764,100,,Aggregated,26.100000,0.000000,3400,4000,4500,4800,5500,6300,7300,7800,10000,12000,12000,8054,0,3400.0,3522.1881663373124,120.88853603927419,12214.283118024468,3398127.7854482243
1760856765,100,,Aggregated,25.800000,0.000000,3400,4000,4500,4800,5500,6300,7300,7800,10000,12000,12000,8065,0,3400.0,3522.119645500162,120.88853603927419,12214.283118024468,3397258.3153130813
1760856766,100,,Aggregated,27.700000,0.000000,3400,4000,4500,4800,5500,6300,7300,7800,10000,12000,12000,8121,0,3400.0,3522.487458460988,120.88853603927419,12214.283118024468,3396076.4495751755
